Model,Time_Spent
XGBRegressor_unscaled,22.72640919685364
SVR_unscaled,5282.454490661621
CatBoostRegressor_unscaled,196.6492326259613
LGBMRegressor_unscaled,37.96163129806519
NHITS_unscaled,64.55303311347961
LSTM_unscaled,147.15751218795776
TFT_unscaled,263.98069167137146
TCN_unscaled,64.98156499862671
TiDE_unscaled,77.56202578544617
KAN_unscaled,73.58787965774536
