,Pipelines,RMSE,MAE,MSE,PMAE,PMSE,PRMSE,VMAE,VMSE,VRMSE,xMAE,xMSE,xRMSE
0,XGBRegressor_unscaled,1526.356028379,911.9613528492472,2329762.7253689147,1575.073678382188,4811794.541908223,2193.5803021335287,1781.9665352715024,4246476.591320901,2060.698083495227,1690.3651177174547,4496770.035092386,2120.5588968694988
1,SVR_unscaled,1596.2454960575371,1197.9594140444276,2547999.683683973,1856.6357285279546,5386720.337174948,2320.9309203797834,1642.2402768266127,3589852.349854334,1894.6905683658042,1737.1634539157562,4385412.222103155,2094.1375843299206
2,CatBoostRegressor_unscaled,1494.9214738281612,903.9176028834075,2234790.2129125614,1535.0445367684122,4492880.7073777,2119.641645981155,1786.0906872108053,4617169.292684467,2148.75994301003,1674.9404831981426,4562140.758731853,2135.916842653724
3,LGBMRegressor_unscaled,1754.5631061003025,1358.0243063305493,3078491.693288341,2556.186993543393,8465587.900510816,2909.568335769211,1535.5031910620444,3297862.1580875334,1816.0016955078906,1987.4089967408092,5585862.868473414,2363.443011471488
4,NHITS_unscaled,1382.604663768578,935.007342517247,1911595.6562746223,2461.027199667597,8985690.670495262,2997.6141630462153,2030.3635536530805,5211396.857048485,2282.8484086878143,2221.0390610488207,6882458.240101257,2623.4439654967396
5,LSTM_unscaled,2083.339663454255,1368.2398851779606,4340304.153321688,2539.242819540849,11863255.675148964,3444.3077207399697,2544.0925468867613,9113304.293594362,3018.8249855853455,2541.9453393595636,10330840.019778842,3214.162413410194
6,TFT_unscaled,1551.6942803631284,1074.363551760209,2407755.139711647,2687.9056896494694,9779724.603967646,3127.255122942106,3040.1644189460053,12093714.245201297,3477.60179508829,2884.202538799447,11069199.747555863,3327.0406891945076
7,TiDE_unscaled,1268.9550722817928,868.6695316405259,1610246.97546969,2417.7098468055274,8171944.02048143,2858.6612287015455,2933.683918819577,10305866.641222008,3210.2751659666196,2705.2373831187,9361076.47326053,3059.5876312438786
8,KAN_unscaled,1372.8778403534927,975.7204695904232,1884793.56453367,2226.625906250526,8329572.124469271,2886.0998119381234,1951.4371152634287,5025229.616745169,2241.702392545712,2073.2764273035173,6488220.956042863,2547.198648720367
