Key,Value
C,453.2153570175539
epsilon,0.03552085842069972
gamma,404.3103198247425
kernel,linear
